Date,% Start,% End,Added_kWh,Capacity_Est
2026-04-08 17:16:48,39.0,80.0,23.74,57.90243902439024
2026-04-06 12:32:52,84.0,100.0,9.94,62.125
2026-04-05 12:02:32,80.0,100.0,12.32,61.6
2026-04-04 17:33:49,68.0,100.0,19.48,60.875
2026-04-04 11:27:44,63.0,80.0,10.02,58.94117647058823
2026-04-03 13:32:29,68.0,100.0,19.88,62.125
2026-04-03 11:24:17,71.0,73.0,1.0,50.0
2026-04-03 06:32:47,68.0,72.0,2.62,65.5
2026-04-03 03:48:33,67.0,69.0,1.28,64.0
2026-04-02 19:53:28,37.0,69.0,18.28,57.125
2026-04-01 19:09:27,44.0,64.0,11.38,56.900000000000006
2026-03-31 19:06:30,45.0,66.0,12.22,58.19047619047619
2026-03-31 18:19:51,48.0,49.0,0.7,70.0
2026-03-30 03:00:02,91.0,100.0,5.48,60.88888888888889
2026-03-29 10:16:08,59.0,100.0,24.7,60.24390243902439
2026-03-28 14:26:15,36.0,77.0,23.74,57.90243902439024
2026-03-27 05:05:10,65.0,87.0,12.96,58.909090909090914
2026-03-27 03:00:08,41.0,66.0,13.36,53.44
2026-03-25 03:00:10,48.0,97.0,27.12,55.3469387755102
2026-03-24 18:45:57,45.0,56.0,6.5,59.09090909090909
2026-03-23 03:00:10,58.0,100.0,23.7,56.42857142857143
2026-03-22 15:42:11,53.0,67.0,8.1,57.857142857142854
2026-03-21 18:43:28,62.0,71.0,5.34,59.33333333333333
2026-03-20 20:01:43,76.0,81.0,3.02,60.4
2026-03-19 13:30:58,88.0,100.0,7.34,61.16666666666667
2026-03-19 03:00:21,86.0,100.0,7.32,52.28571428571429
2026-03-18 14:06:38,72.0,96.0,14.06,58.58333333333333
2026-03-18 06:17:54,74.0,83.0,5.12,56.888888888888886
2026-03-18 01:34:56,14.0,74.0,34.54,57.56666666666666
2026-03-17 22:28:06,19.0,77.0,33.56,57.862068965517246
2026-03-17 20:01:01,22.0,39.0,10.16,59.76470588235294
2026-03-17 16:47:11,38.0,42.0,2.58,64.5
2026-03-17 12:19:41,80.0,100.0,11.36,56.8
2026-03-16 13:29:24,74.0,95.0,12.42,59.14285714285714
2026-03-15 14:32:37,79.0,94.0,8.48,56.53333333333334
2026-03-14 20:25:00,55.0,97.0,24.32,57.904761904761905
2026-03-13 16:07:57,91.0,95.0,2.7,67.5
2026-03-13 06:09:36,93.0,100.0,4.3,61.42857142857142
2026-03-13 03:00:05,56.0,95.0,21.38,54.820512820512825
2026-03-12 06:07:09,64.0,75.0,6.44,58.54545454545455
2026-03-11 03:00:10,75.0,100.0,13.74,54.96
2026-03-10 03:00:10,97.0,100.0,1.82,60.66666666666667
2026-03-09 18:45:28,61.0,99.0,22.26,58.578947368421055
2026-03-08 16:17:11,35.0,85.0,29.44,58.879999999999995
2026-03-07 13:23:44,32.0,57.0,14.56,58.24
2026-03-06 06:27:51,73.0,76.0,1.98,66.0
2026-03-06 05:10:33,71.0,73.0,1.32,66.0
2026-03-05 22:03:05,54.0,72.0,10.82,60.111111111111114
2026-03-05 20:05:07,40.0,58.0,10.82,60.111111111111114
2026-03-04 05:15:29,71.0,93.0,12.8,58.18181818181819
2026-03-03 03:00:13,72.0,100.0,16.48,58.85714285714286
2026-03-02 20:04:49,64.0,82.0,10.52,58.44444444444444
2026-03-01 19:06:13,87.0,100.0,7.88,60.61538461538461
2026-03-01 11:17:24,68.0,96.0,16.48,58.85714285714286
2026-02-28 12:33:05,39.0,82.0,25.6,59.53488372093023
2026-02-25 22:45:20,47.0,100.0,31.78,59.9622641509434
2026-02-25 19:15:48,52.0,57.0,3.1,62.0
2026-02-24 16:45:38,83.0,95.0,6.42,53.5
2026-02-23 20:50:17,61.0,100.0,23.92,61.33333333333334
2026-02-22 11:11:09,52.0,95.0,25.08,58.325581395348834
2026-02-22 01:36:26,23.0,58.0,19.94,56.971428571428575
2026-02-21 16:39:00,46.0,65.0,11.44,60.21052631578947
2026-02-20 16:15:40,89.0,97.0,4.78,59.75
2026-02-20 06:07:01,94.0,100.0,3.7,61.66666666666667
2026-02-20 03:00:11,58.0,95.0,20.62,55.72972972972974
2026-02-19 06:34:50,82.0,85.0,2.04,68.0
2026-02-19 03:00:10,39.0,83.0,24.36,55.36363636363636
2026-02-18 21:04:41,33.0,41.0,4.84,60.5
2026-02-17 19:19:41,73.0,75.0,1.0,50.0
2026-02-16 03:00:08,67.0,100.0,18.4,55.75757575757575
2026-02-15 11:31:00,78.0,100.0,14.14,64.27272727272727
2026-02-14 10:45:24,50.0,100.0,29.76,59.52
2026-02-13 03:00:10,44.0,80.0,19.96,55.44444444444445
2026-02-10 22:17:44,40.0,100.0,36.06,60.10000000000001
2026-02-10 06:09:44,55.0,62.0,4.2,60.0
2026-02-09 16:35:27,57.0,71.0,8.4,60.0
2026-02-08 11:40:32,63.0,91.0,16.18,57.785714285714285
2026-02-07 20:38:47,40.0,83.0,25.42,59.116279069767444
2026-02-05 22:41:54,34.0,100.0,39.46,59.78787878787879
2026-02-05 16:57:42,29.0,39.0,5.32,53.2
2026-02-05 06:09:14,44.0,49.0,3.28,65.6
2026-02-03 18:29:26,59.0,84.0,14.64,58.56
2026-02-03 03:00:07,53.0,91.0,21.22,55.84210526315789
2026-02-01 13:31:47,97.0,99.0,1.16,57.99999999999999
2026-02-01 09:20:14,57.0,98.0,23.44,57.17073170731708
2026-01-31 21:39:22,34.0,63.0,16.96,58.48275862068966
2026-01-31 08:47:21,43.0,53.0,6.5,65.0
2026-01-30 06:11:41,69.0,79.0,5.66,56.60000000000001
2026-01-30 03:00:35,41.0,72.0,17.26,55.67741935483872
2026-01-29 18:38:06,33.0,49.0,9.8,61.25000000000001
2026-01-28 06:08:34,95.0,100.0,2.96,59.199999999999996
2026-01-28 03:00:10,65.0,97.0,17.92,56.00000000000001
2026-01-27 11:09:11,59.0,89.0,17.66,58.86666666666667
2026-01-26 02:40:09,78.0,100.0,13.22,60.09090909090909
2026-01-25 20:51:33,73.0,80.0,3.92,55.99999999999999
2026-01-25 18:05:25,73.0,79.0,3.56,59.333333333333336
2026-01-25 11:47:03,62.0,88.0,15.1,58.07692307692307
2026-01-24 13:34:53,53.0,94.0,24.08,58.731707317073166
2026-01-23 18:36:26,39.0,79.0,23.3,58.25
2026-01-23 16:24:55,49.0,55.0,3.64,60.66666666666667
2026-01-22 03:00:10,62.0,100.0,22.36,58.8421052631579
2026-01-21 03:00:12,47.0,86.0,21.9,56.15384615384615
2026-01-19 03:00:10,48.0,95.0,26.0,55.319148936170215
2026-01-18 18:09:43,48.0,55.0,3.88,55.42857142857143
2026-01-18 11:24:56,36.0,62.0,15.44,59.38461538461538
2026-01-16 03:00:10,45.0,95.0,29.14,58.28
2026-01-14 03:00:10,67.0,100.0,18.92,57.333333333333336
2026-01-13 04:45:31,64.0,88.0,13.82,57.58333333333333
2026-01-11 14:56:25,81.0,100.0,11.42,60.10526315789474
2026-01-11 09:04:58,70.0,86.0,9.2,57.49999999999999
2026-01-10 11:24:14,30.0,85.0,32.48,59.05454545454545
2026-01-09 17:03:40,31.0,43.0,6.8,56.666666666666664
2026-01-07 03:00:10,71.0,100.0,16.48,56.827586206896555
2026-01-06 03:00:27,76.0,100.0,13.0,54.166666666666664
2026-01-04 11:43:36,64.0,100.0,21.7,60.27777777777777
2026-01-03 13:08:58,44.0,86.0,24.04,57.238095238095234
2026-01-03 07:15:33,43.0,56.0,8.14,62.61538461538462
2025-12-31 18:07:15,88.0,100.0,7.62,63.5
2025-12-31 17:59:34,87.0,88.0,0.6,60.0
2025-12-31 10:21:52,63.0,95.0,18.5,57.8125
2025-12-30 00:00:10,48.0,100.0,30.64,58.92307692307692
2025-12-28 09:09:14,68.0,79.0,7.06,64.18181818181817
2025-12-27 13:01:06,88.0,97.0,4.78,53.11111111111111
2025-12-26 21:58:20,68.0,100.0,19.74,61.68749999999999
2025-12-26 00:00:37,43.0,100.0,33.42,58.631578947368425
2025-12-24 09:45:16,91.0,97.0,3.28,54.666666666666664
2025-12-24 00:00:34,61.0,100.0,23.36,59.89743589743589
2025-12-23 00:00:57,54.0,100.0,27.0,58.69565217391305
2025-12-22 05:57:44,83.0,86.0,1.86,62.0
2025-12-21 05:54:12,46.0,85.0,23.24,59.589743589743584
2025-12-20 13:28:38,74.0,86.0,7.16,59.66666666666667
2025-12-19 23:22:50,83.0,85.0,1.12,56.00000000000001
2025-12-19 16:34:07,67.0,85.0,10.36,57.55555555555555
2025-12-19 00:00:26,68.0,85.0,8.88,52.23529411764707
2025-12-18 00:00:10,58.0,85.0,15.08,55.851851851851855
2025-12-17 00:00:10,64.0,86.0,11.2,50.90909090909091
2025-12-16 00:00:27,62.0,85.0,12.28,53.391304347826086
2025-12-14 11:53:18,87.0,100.0,8.58,66.0
2025-12-13 23:56:32,83.0,100.0,10.9,64.11764705882354
2025-12-13 14:14:04,61.0,93.0,18.94,59.18750000000001
2025-12-13 06:44:03,79.0,81.0,1.3,65.0
2025-12-12 21:40:45,39.0,81.0,24.62,58.61904761904763
2025-12-12 05:57:20,79.0,80.0,0.56,56.00000000000001
2025-12-12 00:00:10,48.0,81.0,18.52,56.12121212121212
2025-12-11 05:03:31,79.0,81.0,1.04,52.0
2025-12-11 00:00:10,47.0,79.0,17.4,54.37499999999999
2025-12-10 05:53:28,60.0,70.0,5.64,56.39999999999999
2025-12-09 00:00:39,67.0,91.0,13.06,54.41666666666667
2025-12-08 05:56:10,88.0,91.0,1.52,50.66666666666667
2025-12-07 11:37:01,87.0,94.0,3.76,53.714285714285715
2025-12-06 22:55:35,85.0,100.0,9.78,65.19999999999999
2025-12-06 20:11:10,78.0,86.0,4.54,56.75
2025-12-06 09:03:28,82.0,91.0,5.3,58.88888888888889
2025-12-05 16:24:41,32.0,90.0,33.5,57.758620689655174
2025-12-05 05:56:02,46.0,54.0,4.34,54.25
2025-12-04 15:22:46,61.0,69.0,4.28,53.5
2025-12-02 16:23:16,45.0,100.0,33.14,60.25454545454546
2025-12-02 05:54:22,58.0,66.0,4.9,61.25000000000001
2025-11-30 11:13:50,70.0,100.0,18.22,60.73333333333333
2025-11-29 12:11:41,48.0,87.0,23.2,59.48717948717949
2025-11-27 16:47:05,75.0,100.0,14.36,57.440000000000005
2025-11-27 05:54:18,76.0,88.0,6.7,55.833333333333336
2025-11-25 21:10:20,47.0,100.0,30.06,56.716981132075475
2025-11-23 20:20:11,79.0,100.0,13.04,62.095238095238095
2025-11-23 13:48:16,69.0,89.0,12.0,60.0
2025-11-23 10:38:32,46.0,70.0,14.56,60.66666666666667
2025-11-20 21:16:39,66.0,100.0,20.78,61.11764705882353
2025-11-20 05:51:19,75.0,87.0,6.48,54.0
2025-11-19 05:56:26,97.0,100.0,2.06,68.66666666666667
2025-11-18 21:19:32,80.0,100.0,12.72,63.6
2025-11-18 17:14:51,50.0,84.0,20.04,58.94117647058823
2025-11-18 05:51:57,58.0,67.0,5.6,62.22222222222222
2025-11-16 14:49:39,63.0,100.0,22.06,59.62162162162162
2025-11-16 11:59:36,43.0,68.0,14.56,58.24
2025-11-16 11:03:06,36.0,43.0,4.16,59.42857142857143
2025-11-13 20:42:08,53.0,100.0,28.38,60.38297872340426
2025-11-13 17:34:16,56.0,58.0,1.12,56.00000000000001
2025-11-13 05:54:30,62.0,74.0,7.08,59.0
2025-11-11 09:35:29,74.0,100.0,15.38,59.15384615384616
2025-11-09 19:00:45,82.0,100.0,11.72,65.11111111111111
2025-11-09 09:44:09,71.0,91.0,12.08,60.4
2025-11-08 12:18:59,60.0,87.0,15.7,58.14814814814815
2025-11-08 08:55:23,60.0,68.0,4.6,57.49999999999999
2025-11-06 22:07:29,67.0,100.0,20.06,60.78787878787878
2025-11-06 16:43:48,59.0,74.0,9.02,60.133333333333326
2025-11-04 20:31:10,53.0,100.0,28.64,60.93617021276596
2025-11-02 19:10:46,74.0,100.0,16.1,61.92307692307693
2025-11-02 15:47:05,92.0,100.0,4.48,56.00000000000001
2025-11-02 04:13:50,98.0,100.0,1.3,65.0
2025-11-01 21:00:44,79.0,100.0,13.46,64.09523809523809
2025-11-01 16:55:36,48.0,80.0,18.76,58.62500000000001
2025-10-30 16:29:06,78.0,98.0,11.14,55.7
2025-10-29 20:17:15,61.0,100.0,23.62,60.56410256410256
2025-10-29 07:31:03,40.0,79.0,23.04,59.07692307692307
2025-10-26 01:12:26,98.0,100.0,1.32,66.0
2025-10-25 15:17:32,58.0,100.0,25.44,60.57142857142858
2025-10-24 07:52:16,44.0,78.0,19.46,57.235294117647065
2025-10-23 05:48:14,59.0,71.0,7.38,61.5
2025-10-21 19:48:43,59.0,86.0,15.56,57.62962962962963
2025-10-21 16:43:36,41.0,64.0,13.86,60.26086956521739
2025-10-18 19:50:57,71.0,100.0,17.52,60.41379310344828
2025-10-18 13:49:31,62.0,79.0,9.5,55.88235294117647
2025-10-17 05:18:38,98.0,100.0,1.34,67.0
2025-10-16 18:56:59,45.0,100.0,32.54,59.163636363636364
2025-10-13 20:06:57,39.0,100.0,36.26,59.44262295081967
2025-10-13 18:30:58,29.0,43.0,8.1,57.857142857142854
2025-10-13 17:02:19,17.0,31.0,7.94,56.714285714285715
2025-10-13 16:12:12,18.0,22.0,2.28,56.99999999999999
2025-10-13 14:02:08,7.0,19.0,7.16,59.66666666666667
2025-10-13 12:23:21,29.0,35.0,3.74,62.33333333333334
2025-10-13 10:41:59,8.0,65.0,33.5,58.77192982456141
2025-10-13 07:51:50,49.0,57.0,5.24,65.5
2025-10-12 20:10:14,63.0,79.0,9.68,60.5
2025-10-12 17:37:47,60.0,84.0,13.92,57.99999999999999
2025-10-12 15:42:15,42.0,61.0,11.64,61.26315789473684
2025-10-12 13:54:58,35.0,77.0,24.04,57.238095238095234
2025-10-12 10:13:11,82.0,100.0,11.08,61.55555555555555
2025-10-11 06:45:47,68.0,100.0,19.4,60.62499999999999
2025-10-10 02:11:57,98.0,100.0,1.26,63.0
2025-10-09 16:26:40,53.0,100.0,28.12,59.829787234042556
2025-10-08 16:25:07,45.0,80.0,20.72,59.199999999999996
2025-10-06 03:58:11,98.0,100.0,1.02,51.0
2025-10-05 19:42:37,76.0,100.0,15.16,63.16666666666667
2025-10-05 11:50:18,74.0,86.0,6.98,58.166666666666664
2025-10-04 16:04:00,75.0,88.0,7.74,59.53846153846154
2025-10-03 05:23:33,98.0,100.0,1.34,67.0
2025-10-02 19:39:03,58.0,100.0,25.12,59.80952380952381
2025-10-02 16:49:47,44.0,63.0,11.12,58.526315789473685
2025-10-02 06:23:42,53.0,58.0,2.62,52.400000000000006
2025-09-30 06:49:28,68.0,100.0,18.86,58.9375
2025-09-27 18:18:36,55.0,100.0,25.8,57.333333333333336
2025-09-25 02:37:04,98.0,100.0,1.1,55.00000000000001
2025-09-24 18:15:10,72.0,100.0,17.34,61.92857142857143
2025-09-24 11:49:33,38.0,83.0,26.12,58.044444444444444
2025-09-21 11:38:42,85.0,97.0,6.94,57.833333333333336
2025-09-20 14:27:22,53.0,100.0,27.18,57.82978723404255
2025-09-19 17:04:22,73.0,77.0,2.02,50.5
2025-09-17 16:30:02,37.0,100.0,37.4,59.36507936507937
2025-09-15 02:34:01,98.0,100.0,1.18,59.0
2025-09-14 18:44:40,84.0,100.0,10.0,62.5
2025-09-14 12:02:33,79.0,92.0,7.3,56.15384615384615
2025-09-13 20:26:03,63.0,88.0,14.5,57.99999999999999
2025-09-12 16:40:54,69.0,85.0,9.12,56.99999999999999
2025-09-10 16:28:26,13.0,100.0,51.94,59.70114942528736
2025-09-10 00:55:59,22.0,78.0,32.62,58.24999999999999
2025-09-10 00:50:12,9.0,22.0,7.24,55.69230769230769
2025-09-09 23:47:36,14.0,33.0,11.08,58.31578947368421
2025-09-09 11:05:13,32.0,66.0,19.6,57.64705882352942
2025-09-09 09:03:40,24.0,35.0,6.16,56.00000000000001
2025-09-08 22:08:11,17.0,32.0,8.72,58.13333333333334
2025-09-08 17:43:52,35.0,77.0,25.08,59.71428571428571
2025-09-08 17:42:00,31.0,34.0,1.82,60.66666666666667
2025-09-08 03:04:48,98.0,100.0,1.28,64.0
2025-09-07 16:30:03,78.0,100.0,14.32,65.0909090909091
2025-09-07 12:57:10,51.0,81.0,17.12,57.06666666666666
2025-09-06 15:17:58,54.0,67.0,7.46,57.38461538461539
2025-09-04 05:14:36,73.0,97.0,13.84,57.666666666666664
2025-09-03 06:51:18,92.0,98.0,3.68,61.33333333333334
2025-09-02 18:11:13,75.0,98.0,12.96,56.34782608695652
2025-09-01 10:58:04,90.0,100.0,6.16,61.6
2025-09-01 03:50:11,98.0,100.0,1.08,54.0
2025-08-31 20:47:08,93.0,100.0,4.78,68.28571428571429
2025-08-31 17:51:25,72.0,97.0,14.24,56.96
2025-08-31 10:52:36,49.0,77.0,15.88,56.714285714285715
2025-08-29 06:36:13,98.0,100.0,1.1,55.00000000000001
2025-08-28 20:11:40,46.0,100.0,32.04,59.33333333333333
2025-08-26 04:56:29,98.0,100.0,1.14,56.99999999999999
2025-08-25 19:00:20,54.0,100.0,27.34,59.43478260869565
2025-08-23 20:03:10,55.0,100.0,26.82,59.599999999999994
2025-08-23 18:02:01,40.0,55.0,9.2,61.33333333333333
2025-08-23 17:19:56,41.0,42.0,0.56,56.00000000000001
2025-08-21 20:27:55,58.0,77.0,10.92,57.47368421052631
2025-08-21 15:35:59,62.0,66.0,2.12,53.0
2025-08-20 18:58:40,70.0,85.0,8.72,58.13333333333334
2025-08-20 15:16:55,47.0,79.0,18.24,56.99999999999999
2025-08-17 15:57:19,86.0,100.0,8.5,60.71428571428571
2025-08-17 10:05:47,82.0,95.0,7.44,57.230769230769226
2025-08-15 23:29:29,80.0,100.0,11.8,59.00000000000001
2025-08-15 11:27:44,84.0,100.0,10.04,62.74999999999999
2025-08-14 01:58:13,98.0,100.0,1.24,62.0
2025-08-13 16:33:43,69.0,100.0,19.76,63.74193548387097
2025-08-13 12:27:44,64.0,73.0,5.12,56.888888888888886
2025-08-13 10:17:30,67.0,78.0,6.0,54.54545454545454
2025-08-12 10:55:07,72.0,98.0,14.86,57.15384615384615
2025-08-12 08:21:14,68.0,90.0,12.28,55.81818181818181
2025-08-12 06:54:26,76.0,84.0,4.4,55.00000000000001
2025-08-11 13:38:05,59.0,89.0,17.76,59.20000000000001
2025-08-10 16:21:38,72.0,78.0,3.52,58.666666666666664
2025-08-09 17:26:34,68.0,87.0,11.0,57.89473684210527
2025-08-08 08:19:40,63.0,97.0,19.74,58.05882352941176
2025-08-07 10:08:38,56.0,94.0,21.46,56.47368421052632
2025-08-06 14:31:58,54.0,70.0,9.06,56.625
2025-08-04 17:14:05,76.0,86.0,6.36,63.6
2025-08-03 17:38:46,68.0,90.0,12.7,57.72727272727273
2025-08-03 11:44:42,62.0,78.0,9.22,57.62500000000001
2025-08-02 09:01:40,76.0,80.0,2.26,56.49999999999999
2025-08-02 04:05:32,78.0,80.0,1.04,52.0
2025-08-01 22:35:18,78.0,80.0,1.2,60.0
2025-08-01 17:09:46,78.0,80.0,1.02,51.0
2025-08-01 10:05:40,55.0,80.0,14.62,58.48
2025-08-01 02:58:43,57.0,59.0,1.0,50.0
2025-07-31 19:53:20,36.0,59.0,13.5,58.69565217391305
2025-07-31 18:38:10,24.0,34.0,5.7,57.00000000000001
2025-07-31 14:05:47,14.0,31.0,9.6,56.470588235294116
2025-07-31 12:04:35,40.0,65.0,14.62,58.48
2025-07-31 10:58:57,42.0,43.0,0.6,60.0
2025-07-31 08:17:44,34.0,97.0,36.76,58.34920634920635
2025-07-31 07:07:37,47.0,57.0,5.56,55.599999999999994
2025-07-30 17:28:57,95.0,100.0,3.5,70.0
2025-07-30 16:37:51,20.0,96.0,44.16,58.10526315789474
2025-07-30 14:44:08,21.0,33.0,6.98,58.166666666666664
2025-07-30 13:23:36,21.0,37.0,9.18,57.375
2025-07-30 13:02:06,22.0,23.0,0.6,60.0
2025-07-30 09:51:39,30.0,88.0,33.82,58.3103448275862
2025-07-30 02:58:07,98.0,100.0,1.14,56.99999999999999
2025-07-29 20:08:45,92.0,100.0,4.54,56.75
2025-07-29 09:58:46,74.0,100.0,16.28,62.61538461538462
2025-07-28 16:17:37,41.0,78.0,21.5,58.108108108108105
2025-07-27 16:11:39,55.0,76.0,11.96,56.952380952380956
2025-07-27 09:32:19,63.0,66.0,1.74,57.99999999999999
2025-07-26 22:43:02,68.0,100.0,18.78,58.6875
2025-07-26 21:30:56,59.0,68.0,4.84,53.77777777777778
2025-07-26 13:34:11,32.0,71.0,22.64,58.05128205128205
2025-07-26 09:58:14,61.0,73.0,6.7,55.833333333333336
2025-07-25 20:36:16,54.0,71.0,9.38,55.17647058823529
2025-07-25 19:21:52,52.0,58.0,3.22,53.66666666666667
2025-07-25 16:20:14,38.0,56.0,9.88,54.8888888888889
2025-07-25 12:32:28,43.0,94.0,29.14,57.13725490196079
2025-07-25 10:25:20,51.0,61.0,5.9,59.00000000000001
2025-07-24 12:58:40,42.0,100.0,33.46,57.68965517241379
2025-07-23 19:22:25,78.0,95.0,9.58,56.35294117647058
2025-07-23 17:30:36,61.0,83.0,12.88,58.54545454545455
2025-07-22 19:53:03,57.0,73.0,8.98,56.125
2025-07-22 11:39:03,32.0,77.0,26.22,58.266666666666666
2025-07-21 14:06:19,49.0,72.0,13.28,57.7391304347826
2025-07-21 11:31:34,40.0,57.0,9.58,56.35294117647058
2025-07-20 19:34:04,67.0,69.0,1.4,70.0
2025-07-20 17:27:25,48.0,80.0,18.8,58.75
2025-07-20 17:08:09,31.0,49.0,9.9,55.00000000000001
2025-07-20 16:31:11,25.0,34.0,5.02,55.77777777777777
2025-07-20 13:13:54,25.0,47.0,12.94,58.81818181818181
2025-07-20 13:05:27,24.0,25.0,0.64,64.0
2025-07-19 18:22:28,42.0,90.0,27.72,57.75
2025-07-19 09:12:06,41.0,73.0,18.82,58.8125
2025-07-18 15:24:05,41.0,53.0,6.7,55.833333333333336
2025-07-18 10:07:35,42.0,56.0,8.22,58.71428571428572
2025-07-17 19:49:08,56.0,77.0,12.12,57.71428571428571
2025-07-17 19:21:06,39.0,57.0,10.7,59.44444444444444
2025-07-17 17:50:57,24.0,40.0,8.94,55.875
2025-07-17 14:42:20,40.0,49.0,5.2,57.777777777777786
2025-07-17 13:14:29,33.0,42.0,5.48,60.88888888888889
2025-07-17 09:21:01,70.0,81.0,6.16,56.00000000000001
2025-07-17 06:50:45,92.0,100.0,4.62,57.75
2025-07-16 12:09:45,89.0,99.0,5.5,55.00000000000001
2025-07-15 12:53:09,56.0,97.0,24.06,58.68292682926829
2025-07-15 09:48:05,57.0,68.0,6.36,57.81818181818183
2025-07-15 07:25:00,58.0,75.0,9.98,58.705882352941174
2025-07-15 05:59:00,34.0,67.0,19.18,58.12121212121212
2025-07-14 17:57:06,40.0,71.0,18.26,58.90322580645162
2025-07-14 14:55:59,48.0,80.0,18.46,57.6875
2025-07-14 13:15:27,37.0,50.0,7.42,57.07692307692308
2025-07-14 10:43:48,77.0,84.0,4.12,58.85714285714286
2025-07-14 10:27:13,59.0,79.0,11.72,58.60000000000001
2025-07-14 10:11:58,31.0,59.0,16.12,57.57142857142858
2025-07-14 06:20:04,54.0,90.0,20.96,58.22222222222222
2025-07-13 15:04:40,55.0,68.0,7.6,58.46153846153845
2025-07-13 14:32:18,12.0,57.0,25.8,57.333333333333336
2025-07-13 11:34:35,61.0,68.0,4.46,63.714285714285715
2025-07-13 11:06:57,38.0,62.0,14.06,58.58333333333333
2025-07-13 08:51:53,40.0,80.0,23.5,58.75
2025-07-13 05:04:47,86.0,100.0,8.08,57.714285714285715
2025-07-12 06:43:04,57.0,97.0,23.62,59.050000000000004
2025-07-08 20:55:31,81.0,100.0,11.36,59.78947368421053
2025-07-08 18:21:43,64.0,84.0,11.58,57.9
2025-07-06 13:05:57,88.0,100.0,6.98,58.166666666666664
2025-07-05 17:03:26,64.0,100.0,21.26,59.055555555555564
2025-07-04 06:53:45,59.0,100.0,24.58,59.95121951219512
2025-07-03 18:54:27,54.0,63.0,5.4,60.00000000000001
2025-07-01 11:50:05,94.0,100.0,3.96,66.0
2025-06-30 20:42:53,81.0,100.0,11.48,60.42105263157895
2025-06-29 15:13:50,91.0,100.0,4.72,52.444444444444436
2025-06-28 19:09:26,85.0,100.0,9.74,64.93333333333334
2025-06-28 16:58:25,70.0,88.0,10.4,57.777777777777786
2025-06-28 11:32:46,54.0,73.0,11.0,57.89473684210527
2025-06-27 16:15:47,42.0,61.0,10.96,57.684210526315795
2025-06-24 18:15:10,72.0,97.0,14.0,56.00000000000001
2025-06-22 12:03:59,89.0,100.0,6.58,59.81818181818181
2025-06-21 19:10:05,58.0,100.0,24.9,59.285714285714285
2025-06-21 17:23:20,55.0,64.0,5.16,57.333333333333336
2025-06-21 08:27:47,47.0,65.0,10.26,56.99999999999999
2025-06-15 19:56:46,87.0,100.0,7.4,56.92307692307692
2025-06-15 12:07:49,87.0,100.0,7.84,60.30769230769231
2025-06-14 10:19:10,72.0,100.0,16.74,59.78571428571428
2025-06-12 19:51:43,75.0,97.0,12.8,58.18181818181819
2025-06-12 16:41:03,60.0,79.0,11.04,58.10526315789474
2025-06-08 20:07:54,64.0,100.0,21.82,60.611111111111114
2025-06-08 13:04:24,35.0,70.0,20.48,58.51428571428572
2025-06-08 06:25:36,68.0,92.0,13.7,57.08333333333333
2025-06-07 17:24:33,63.0,93.0,17.14,57.13333333333333
2025-06-07 16:47:21,63.0,65.0,1.1,55.00000000000001
2025-06-07 12:33:30,59.0,82.0,12.96,56.34782608695652
2025-06-07 11:03:13,61.0,69.0,4.92,61.5
2025-06-07 08:10:33,82.0,88.0,3.58,59.66666666666667
2025-06-07 07:19:02,85.0,89.0,2.04,51.0
2025-06-06 22:00:55,45.0,99.0,30.84,57.111111111111114
2025-06-06 21:19:14,38.0,45.0,4.3,61.42857142857142
2025-06-06 20:33:06,30.0,38.0,4.48,56.00000000000001
2025-06-06 15:18:43,92.0,100.0,5.16,64.5
2025-06-06 06:21:25,96.0,100.0,2.34,58.5
2025-06-05 18:58:07,87.0,100.0,7.7,59.23076923076923
2025-06-04 17:17:18,93.0,100.0,4.7,67.14285714285715
2025-06-03 18:22:09,77.0,99.0,12.34,56.09090909090909
2025-06-01 15:30:05,93.0,100.0,4.34,62.0
2025-05-31 20:10:48,57.0,100.0,25.22,58.651162790697676
2025-05-29 17:41:15,83.0,94.0,6.7,60.909090909090914
2025-05-28 15:48:58,94.0,99.0,2.7,54.0
2025-05-27 20:10:50,94.0,100.0,3.68,61.33333333333334
2025-05-27 18:02:48,72.0,94.0,12.44,56.54545454545455
2025-05-25 12:51:27,96.0,100.0,2.66,66.5
2025-05-24 22:27:20,63.0,100.0,21.78,58.86486486486486
2025-05-23 16:52:25,72.0,100.0,17.26,61.642857142857146
2025-05-23 16:13:57,65.0,69.0,2.44,61.0
2025-05-20 21:06:51,61.0,100.0,23.34,59.84615384615385
2025-05-18 18:35:22,61.0,100.0,23.2,59.48717948717949
2025-05-18 17:12:44,53.0,63.0,6.0,60.0
2025-05-18 15:13:21,43.0,57.0,8.24,58.85714285714286
2025-05-18 07:14:33,16.0,47.0,18.12,58.451612903225815
2025-05-18 05:16:20,41.0,62.0,12.0,57.14285714285714
2025-05-17 17:36:34,51.0,68.0,10.0,58.82352941176471
2025-05-17 17:01:15,28.0,56.0,16.32,58.285714285714285
2025-05-17 13:43:14,53.0,60.0,4.34,62.0
2025-05-17 12:21:40,38.0,53.0,8.48,56.53333333333334
2025-05-17 10:41:37,59.0,63.0,2.24,56.00000000000001
2025-05-16 22:26:56,34.0,100.0,39.2,59.3939393939394
2025-05-16 19:30:08,52.0,76.0,13.88,57.833333333333336
2025-05-16 19:09:40,39.0,54.0,8.7,57.99999999999999
2025-05-16 16:46:22,90.0,99.0,4.86,54.0
2025-05-16 15:08:34,95.0,100.0,2.82,56.39999999999999
2025-05-15 19:34:45,71.0,100.0,17.24,59.448275862068954
2025-05-15 16:45:51,54.0,75.0,11.88,56.57142857142857
2025-05-11 17:29:54,87.0,100.0,7.84,60.30769230769231
2025-05-10 11:03:39,71.0,100.0,17.82,61.44827586206897
2025-05-09 16:34:52,70.0,77.0,3.96,56.57142857142857
2025-05-09 06:50:55,73.0,77.0,2.28,56.99999999999999
2025-05-08 19:12:10,57.0,77.0,11.4,57.00000000000001
2025-05-04 11:34:49,89.0,100.0,6.9,62.727272727272734
2025-05-03 17:45:56,90.0,100.0,5.76,57.599999999999994
2025-05-03 11:26:11,87.0,100.0,8.18,62.92307692307693
2025-05-02 17:13:54,89.0,100.0,7.1,64.54545454545453
2025-05-02 16:36:52,86.0,91.0,2.92,58.4
2025-05-02 15:51:26,82.0,87.0,3.0,60.0
2025-05-02 15:16:47,77.0,82.0,2.92,58.4
2025-05-02 06:50:15,75.0,82.0,4.08,58.285714285714285
2025-05-01 06:47:37,87.0,93.0,3.98,66.33333333333333
2025-04-30 17:54:45,87.0,93.0,3.2,53.333333333333336
2025-04-30 17:03:32,79.0,87.0,4.74,59.25
2025-04-30 07:00:43,82.0,90.0,4.66,58.25
2025-04-28 17:42:00,85.0,100.0,9.46,63.06666666666667
2025-04-28 15:43:17,73.0,86.0,7.94,61.07692307692309
2025-04-26 20:18:26,87.0,100.0,7.24,55.69230769230769
2025-04-26 12:16:25,68.0,100.0,19.16,59.875
2025-04-24 20:17:35,83.0,100.0,10.54,62.0
2025-04-23 06:25:08,92.0,95.0,2.04,68.0
2025-04-22 15:19:15,87.0,100.0,7.58,58.30769230769231
2025-04-20 19:32:27,51.0,100.0,28.8,58.77551020408164
2025-04-20 18:22:48,50.0,58.0,4.96,62.0
2025-04-20 12:03:43,92.0,100.0,5.16,64.5
2025-04-19 06:56:33,96.0,100.0,2.64,66.0
2025-04-18 16:44:04,93.0,100.0,4.02,57.428571428571416
2025-04-17 21:59:10,67.0,100.0,19.7,59.696969696969695
2025-04-17 21:13:28,65.0,71.0,3.3,54.99999999999999
2025-04-16 19:09:29,74.0,100.0,16.26,62.53846153846154
2025-04-16 15:47:06,47.0,78.0,18.16,58.58064516129032
2025-04-16 06:51:23,50.0,53.0,1.74,57.99999999999999
2025-04-13 12:00:06,64.0,93.0,16.66,57.44827586206897
2025-04-10 20:22:12,91.0,96.0,3.02,60.4
2025-04-10 18:42:10,72.0,92.0,11.14,55.7
2025-04-10 17:40:41,63.0,67.0,2.5,62.5
2025-04-10 15:20:24,65.0,69.0,2.26,56.49999999999999
2025-04-08 16:53:04,92.0,99.0,4.46,63.714285714285715
2025-04-07 21:25:08,87.0,100.0,6.78,52.15384615384615
2025-04-07 16:07:28,94.0,96.0,1.1,55.00000000000001
2025-04-06 15:52:37,93.0,96.0,1.82,60.66666666666667
2025-04-06 11:22:35,59.0,98.0,22.14,56.769230769230774
2025-04-06 10:07:10,61.0,62.0,0.58,57.99999999999999
2025-04-05 20:54:43,66.0,84.0,10.2,56.666666666666664
2025-04-04 19:41:49,87.0,100.0,8.6,66.15384615384615
2025-04-04 17:03:59,86.0,88.0,1.12,56.00000000000001
2025-04-04 04:46:21,94.0,97.0,1.7,56.666666666666664
2025-04-03 22:38:38,84.0,94.0,5.42,54.2
2025-04-03 20:15:45,89.0,91.0,1.38,69.0
2025-04-03 15:22:09,90.0,93.0,1.58,52.66666666666667
2025-04-02 16:22:46,82.0,100.0,11.84,65.77777777777779
2025-04-01 22:05:38,74.0,90.0,9.2,57.49999999999999
2025-04-01 16:26:14,76.0,79.0,2.1,70.0
2025-03-31 15:27:17,88.0,91.0,1.7,56.666666666666664
2025-03-30 18:29:17,88.0,100.0,7.58,63.16666666666667
2025-03-29 21:37:47,90.0,100.0,6.46,64.60000000000001
2025-03-29 16:36:07,85.0,92.0,3.82,54.57142857142857
2025-03-29 11:00:56,95.0,100.0,3.38,67.6
2025-03-28 21:19:26,89.0,100.0,7.28,66.18181818181819
2025-03-28 16:23:07,90.0,94.0,2.12,53.0
2025-03-27 19:42:50,88.0,100.0,7.82,65.16666666666667
2025-03-27 17:44:46,82.0,98.0,9.32,58.25
2025-03-26 21:05:15,87.0,98.0,6.3,57.27272727272727
2025-03-26 16:14:53,89.0,91.0,1.22,61.0
2025-03-25 20:51:55,92.0,100.0,5.38,67.25
2025-03-25 15:14:50,96.0,97.0,0.66,66.0
2025-03-24 21:03:47,88.0,100.0,7.58,63.16666666666667
2025-03-24 16:16:35,95.0,97.0,1.22,61.0
2025-03-23 20:43:14,85.0,100.0,8.82,58.8
2025-03-23 17:22:03,86.0,89.0,1.92,64.0
2025-03-23 14:51:18,67.0,89.0,12.56,57.09090909090909
2025-03-23 11:47:16,68.0,72.0,2.04,51.0
2025-03-23 09:06:48,67.0,69.0,1.4,70.0
2025-03-23 08:25:33,42.0,77.0,20.5,58.57142857142858
2025-03-23 07:27:20,61.0,70.0,4.98,55.333333333333336
2025-03-23 05:59:37,72.0,92.0,11.7,58.5
2025-03-22 20:28:09,69.0,97.0,16.54,59.07142857142856
2025-03-22 15:05:25,67.0,97.0,17.46,58.20000000000001
2025-03-22 11:19:18,58.0,85.0,15.38,56.96296296296297
2025-03-22 09:06:26,71.0,78.0,4.2,60.0
2025-03-22 06:43:55,52.0,71.0,11.28,59.36842105263157
2025-03-21 21:43:04,60.0,95.0,20.0,57.14285714285714
2025-03-21 20:38:11,31.0,60.0,17.3,59.6551724137931
2025-03-20 16:23:24,92.0,94.0,1.22,61.0
2025-03-19 19:37:25,82.0,97.0,8.7,57.99999999999999
2025-03-19 05:55:49,93.0,95.0,1.0,50.0
2025-03-19 01:16:59,86.0,93.0,4.02,57.428571428571416
2025-03-18 21:02:30,81.0,87.0,3.16,52.66666666666667
2025-03-18 16:34:35,87.0,89.0,1.14,56.99999999999999
2025-03-17 17:07:43,93.0,95.0,1.3,65.0
2025-03-17 15:27:56,91.0,93.0,1.24,62.0
2025-03-16 13:46:28,97.0,99.0,1.26,63.0
2025-03-15 12:04:19,79.0,99.0,11.74,58.699999999999996
2025-03-15 09:38:15,81.0,83.0,1.3,65.0
2025-03-15 07:33:40,78.0,81.0,1.66,55.333333333333336
2025-03-14 23:14:45,66.0,77.0,6.5,59.09090909090909
2025-03-14 15:48:53,90.0,92.0,1.06,53.0
2025-03-14 09:35:40,85.0,92.0,4.06,57.99999999999999
2025-03-13 20:35:03,73.0,88.0,8.64,57.60000000000001
2025-03-13 14:21:20,76.0,78.0,1.24,62.0
2025-03-13 13:56:30,76.0,78.0,1.22,61.0
2025-03-13 13:00:41,76.0,77.0,0.58,57.99999999999999
2025-03-12 16:22:11,87.0,97.0,5.36,53.6
2025-03-12 15:19:04,86.0,88.0,1.02,51.0
2025-03-12 08:55:36,92.0,94.0,1.28,64.0
2025-03-12 05:01:20,86.0,92.0,3.14,52.33333333333333
2025-03-11 22:57:57,78.0,86.0,4.82,60.25
2025-03-11 22:03:39,77.0,78.0,0.66,66.0
2025-03-11 18:22:52,59.0,81.0,12.7,57.72727272727273
2025-03-11 12:24:38,54.0,62.0,4.34,54.25
2025-03-11 08:53:13,41.0,56.0,8.3,55.333333333333336
2025-03-11 08:20:25,15.0,51.0,20.76,57.666666666666664
2025-03-11 06:07:52,64.0,84.0,11.94,59.699999999999996
2025-03-10 19:14:15,89.0,99.0,6.14,61.4
2025-03-10 13:45:50,29.0,100.0,41.32,58.19718309859155
2025-03-10 10:16:32,93.0,97.0,2.26,56.49999999999999
2025-03-10 09:42:42,52.0,93.0,24.42,59.560975609756106
2025-03-09 21:28:03,19.0,56.0,21.78,58.86486486486486
2025-03-09 16:37:43,27.0,91.0,36.94,57.71875
2025-03-09 16:20:41,20.0,30.0,5.48,54.800000000000004
2025-03-09 01:28:33,96.0,100.0,2.68,67.0
2025-03-08 20:22:04,77.0,100.0,14.54,63.21739130434783
2025-03-07 20:18:20,77.0,98.0,12.0,57.14285714285714
2025-03-06 23:37:50,82.0,91.0,4.78,53.11111111111111
2025-03-06 17:20:13,88.0,91.0,1.52,50.66666666666667
2025-03-06 15:19:16,87.0,89.0,1.36,68.0
2025-03-05 20:54:22,58.0,99.0,23.84,58.14634146341463
2025-03-05 17:16:05,67.0,69.0,1.22,61.0
2025-03-04 20:55:47,76.0,81.0,2.56,51.2
2025-03-03 21:01:23,63.0,100.0,21.62,58.432432432432435
2025-03-03 20:51:03,59.0,64.0,2.76,55.199999999999996
2025-03-03 17:11:38,67.0,68.0,0.62,62.0
2025-03-02 19:14:25,78.0,83.0,2.54,50.8
2025-03-01 20:12:46,74.0,100.0,15.3,58.84615384615385
2025-03-01 17:04:27,73.0,77.0,2.02,50.5
2025-03-01 14:42:09,55.0,77.0,12.32,56.00000000000001
2025-03-01 08:15:17,53.0,56.0,1.5,50.0
2025-02-28 20:04:26,78.0,86.0,4.9,61.25000000000001
2025-02-28 17:24:17,78.0,94.0,9.28,57.99999999999999
2025-02-27 22:27:16,92.0,93.0,0.66,66.0
2025-02-27 16:13:52,88.0,92.0,2.14,53.5
2025-02-26 16:14:56,85.0,98.0,7.44,57.230769230769226
2025-02-25 21:24:29,90.0,92.0,1.1,55.00000000000001
2025-02-25 20:00:15,83.0,91.0,4.36,54.50000000000001
2025-02-25 18:31:58,70.0,83.0,8.04,61.84615384615384
2025-02-25 17:12:32,75.0,76.0,0.6,60.0
2025-02-24 21:26:56,81.0,86.0,2.74,54.800000000000004
2025-02-23 14:52:01,91.0,100.0,5.48,60.88888888888889
2025-02-22 17:08:04,95.0,98.0,1.82,60.66666666666667
2025-02-22 15:11:35,96.0,98.0,1.08,54.0
2025-02-22 13:54:12,90.0,99.0,5.04,56.00000000000001
2025-02-22 13:00:43,51.0,92.0,24.12,58.82926829268293
2025-02-22 09:38:24,88.0,97.0,5.54,61.55555555555555
2025-02-21 21:01:13,83.0,91.0,4.2,52.5
2025-02-21 19:44:19,79.0,88.0,4.84,53.77777777777778
2025-02-21 16:08:45,85.0,86.0,0.66,66.0
2025-02-20 19:46:56,96.0,100.0,2.3,57.49999999999999
2025-02-20 19:15:42,95.0,98.0,1.7,56.666666666666664
2025-02-20 18:21:57,86.0,95.0,5.28,58.666666666666664
2025-02-20 16:14:33,84.0,87.0,1.6,53.333333333333336
2025-02-19 20:54:11,91.0,96.0,2.82,56.39999999999999
2025-02-19 19:28:13,85.0,95.0,5.6,55.99999999999999
2025-02-18 21:12:47,78.0,92.0,8.16,58.285714285714285
2025-02-16 10:58:57,97.0,100.0,2.04,68.0
2025-02-16 10:07:35,91.0,97.0,3.62,60.333333333333336
2025-02-15 17:25:47,91.0,97.0,3.0,50.0
2025-02-15 15:43:56,78.0,93.0,8.94,59.599999999999994
2025-02-15 14:49:03,37.0,86.0,28.54,58.244897959183675
2025-02-15 09:36:09,50.0,53.0,2.04,68.0
2025-02-15 03:12:29,49.0,54.0,2.82,56.39999999999999
2025-02-14 20:43:24,89.0,97.0,4.1,51.24999999999999
2025-02-14 18:58:14,45.0,90.0,26.3,58.44444444444444
2025-02-14 09:33:44,77.0,80.0,1.6,53.333333333333336
2025-02-13 23:35:19,77.0,85.0,4.84,60.5
2025-02-13 22:12:00,76.0,77.0,0.58,57.99999999999999
2025-02-13 21:23:44,75.0,76.0,0.5,50.0
2025-02-13 20:50:02,74.0,75.0,0.5,50.0
2025-02-13 17:13:17,68.0,74.0,3.6,60.0
2025-02-13 13:30:14,67.0,70.0,1.64,54.666666666666664
2025-02-13 12:32:10,68.0,72.0,2.5,62.5
2025-02-12 22:07:02,75.0,81.0,3.44,57.333333333333336
2025-02-12 19:37:18,76.0,78.0,1.08,54.0
2025-02-11 21:07:35,90.0,99.0,5.16,57.333333333333336
2025-02-11 18:01:51,68.0,94.0,15.18,58.38461538461538
2025-02-10 21:24:23,84.0,93.0,4.9,54.44444444444445
2025-02-10 21:05:17,84.0,86.0,1.0,50.0
2025-02-10 18:22:30,67.0,88.0,12.48,59.42857142857143
2025-02-09 20:43:02,91.0,92.0,0.6,60.0
2025-02-09 15:41:25,91.0,94.0,1.6,53.333333333333336
2025-02-09 12:27:44,92.0,95.0,1.64,54.666666666666664
2025-02-08 19:29:16,92.0,100.0,5.46,68.25
2025-02-07 23:58:09,82.0,93.0,5.64,51.272727272727266
2025-02-07 23:21:24,56.0,83.0,15.86,58.74074074074074
2025-02-06 19:26:36,73.0,88.0,8.68,57.86666666666667
2025-02-05 21:29:53,74.0,83.0,5.12,56.888888888888886
2025-02-05 18:28:55,53.0,79.0,14.82,57.00000000000001
2025-02-04 19:20:49,85.0,87.0,1.16,57.99999999999999
2025-02-04 18:15:29,76.0,86.0,6.18,61.8
2025-02-04 16:24:53,74.0,77.0,1.58,52.66666666666667
2025-02-03 21:34:12,82.0,87.0,2.8,55.99999999999999
2025-02-03 16:23:59,76.0,82.0,3.68,61.33333333333334
2025-02-02 20:25:29,73.0,86.0,7.68,59.07692307692307
2025-02-02 15:15:26,88.0,91.0,1.7,56.666666666666664
2025-02-02 13:16:26,88.0,90.0,1.24,62.0
2025-02-02 09:24:03,92.0,95.0,1.66,55.333333333333336
2025-02-01 21:13:26,92.0,100.0,4.38,54.75
2025-02-01 11:04:50,92.0,100.0,4.62,57.75
2025-01-31 16:11:32,88.0,100.0,8.36,69.66666666666667
2025-01-30 17:18:20,90.0,97.0,4.24,60.57142857142858
2025-01-29 15:17:31,80.0,97.0,9.58,56.35294117647058
2025-01-28 18:24:45,81.0,100.0,11.38,59.89473684210527
2025-01-28 16:32:07,83.0,85.0,1.1,55.00000000000001
2025-01-28 15:10:03,83.0,84.0,0.58,57.99999999999999
2025-01-27 17:19:01,78.0,94.0,9.22,57.62500000000001
2025-01-26 21:00:46,79.0,91.0,6.98,58.166666666666664
2025-01-26 18:51:59,84.0,89.0,2.58,51.6
2025-01-26 18:01:54,79.0,85.0,3.14,52.33333333333333
2025-01-26 15:16:28,86.0,92.0,3.4,56.666666666666664
2025-01-25 20:39:20,91.0,100.0,5.58,62.0
2025-01-25 18:52:32,99.0,100.0,0.64,64.0
